,Unnamed: 0,Unnamed: 0.1,Unnamed: 0.1.1,tweetId,createdAt,text,retweetCount,likeCount,isQuote,place,geo,hashtags,userMentions,source,sourceUrl,userId,userName,userScreenName,userCreatedAt,userFollowersCount,userDescription,userVerified,userProtected,userLocation,userFriendsCount,userStatusesCount,userListedCount,rawData,userOnTwitter(Months),userLatLng
0,0,0,0.0,1331720403442692102,2020-11-25 22:04:21,We are ONE HOUR away from our #folklorewatchparty!! ü•≥ Who's coming?! #folkloreOnDisneyPlus https://t.co/fPJyrx984x,400,4175,False,,,"{'text': 'folklorewatchparty', 'indices': [30, 49]},{'text': 'folkloreOnDisneyPlus', 'indices': [69, 90]}",,Twitter Web App,https://mobile.twitter.com,80144576,Taylor Nation,taylornation13,2009-10-05 22:36:08,1117384,new album #folklore is out now! üåü,True,False,Taylor Nation,915,18119,2979,"Status(_api=<tweepy.api.API object at 0x0000016B50B40518>, _json={'created_at': 'Wed Nov 25 22:04:21 +0000 2020', 'id': 1331720403442692102, 'id_str': '1331720403442692102', 'text': ""We are ONE HOUR away from our #folklorewatchparty!! ü•≥ Who's coming?! #folkloreOnDisneyPlus https://t.co/fPJyrx984x"", 'truncated': False, 'entities': {'hashtags': [{'text': 'folklorewatchparty', 'indices': [30, 49]}, {'text': 'folkloreOnDisneyPlus', 'indices': [69, 90]}], 'symbols': [], 'user_mentions': [], 'urls': [{'url': 'https://t.co/fPJyrx984x', 'expanded_url': 'https://twitter.com/i/events/1331279564052434946', 'display_url': 'twitter.com/i/events/13312‚Ä¶', 'indices': [91, 114]}]}, 'metadata': {'result_type': 'popular', 'iso_language_code': 'en'}, 'source': '<a href=""https://mobile.twitter.com"" rel=""nofollow"">Twitter Web App</a>', 'in_reply_to_status_id': None, 'in_reply_to_status_id_str': None, 'in_reply_to_user_id': None, 'in_reply_to_user_id_str': None, 'in_reply_to_screen_name': None, 'user': {'id': 80144576, 'id_str': '80144576', 'name': 'Taylor Nation', 'screen_name': 'taylornation13', 'location': 'Taylor Nation', 'description': 'new album #folklore is out now! üåü', 'url': 'https://t.co/1UodIYtA0r', 'entities': {'url': {'urls': [{'url': 'https://t.co/1UodIYtA0r', 'expanded_url': 'https://taylor.lnk.to/longpond', 'display_url': 'taylor.lnk.to/longpond', 'indices': [0, 23]}]}, 'description': {'urls': []}}, 'protected': False, 'followers_count': 1117384, 'friends_count': 915, 'listed_count': 2979, 'created_at': 'Mon Oct 05 22:36:08 +0000 2009', 'favourites_count': 17490, 'utc_offset': None, 'time_zone': None, 'geo_enabled': False, 'verified': True, 'statuses_count': 18119, 'lang': None, 'contributors_enabled': False, 'is_translator': False, 'is_translation_enabled': True, 'profile_background_color': '000000', 'profile_background_image_url': 'http://abs.twimg.com/images/themes/theme18/bg.gif', 'profile_background_image_url_https': 'https://abs.twimg.com/images/themes/theme18/bg.gif', 'profile_background_tile': False, 'profile_image_url': 'http://pbs.twimg.com/profile_images/1286271838235107328/d0hJNXtB_normal.jpg', 'profile_image_url_https': 'https://pbs.twimg.com/profile_images/1286271838235107328/d0hJNXtB_normal.jpg', 'profile_banner_url': 'https://pbs.twimg.com/profile_banners/80144576/1606291949', 'profile_link_color': 'AF1947', 'profile_sidebar_border_color': '000000', 'profile_sidebar_fill_color': 'F6F6F6', 'profile_text_color': '333333', 'profile_use_background_image': False, 'has_extended_profile': True, 'default_profile': False, 'default_profile_image': False, 'following': None, 'follow_request_sent': None, 'notifications': None, 'translator_type': 'none'}, 'geo': None, 'coordinates': None, 'place': None, 'contributors': None, 'is_quote_status': False, 'retweet_count': 400, 'favorite_count': 4175, 'favorited': False, 'retweeted': False, 'possibly_sensitive': False, 'lang': 'en'}, created_at=datetime.datetime(2020, 11, 25, 22, 4, 21), id=1331720403442692102, id_str='1331720403442692102', text=""We are ONE HOUR away from our #folklorewatchparty!! ü•≥ Who's coming?! #folkloreOnDisneyPlus https://t.co/fPJyrx984x"", truncated=False, entities={'hashtags': [{'text': 'folklorewatchparty', 'indices': [30, 49]}, {'text': 'folkloreOnDisneyPlus', 'indices': [69, 90]}], 'symbols': [], 'user_mentions': [], 'urls': [{'url': 'https://t.co/fPJyrx984x', 'expanded_url': 'https://twitter.com/i/events/1331279564052434946', 'display_url': 'twitter.com/i/events/13312‚Ä¶', 'indices': [91, 114]}]}, metadata={'result_type': 'popular', 'iso_language_code': 'en'}, source='Twitter Web App', source_url='https://mobile.twitter.com', in_reply_to_status_id=None, in_reply_to_status_id_str=None, in_reply_to_user_id=None, in_reply_to_user_id_str=None, in_reply_to_screen_name=None, author=User(_api=<tweepy.api.API object at 0x0000016B50B40518>, _json={'id': 80144576, 'id_str': '80144576', 'name': 'Taylor Nation', 'screen_name': 'taylornation13', 'location': 'Taylor Nation', 'description': 'new album #folklore is out now! üåü', 'url': 'https://t.co/1UodIYtA0r', 'entities': {'url': {'urls': [{'url': 'https://t.co/1UodIYtA0r', 'expanded_url': 'https://taylor.lnk.to/longpond', 'display_url': 'taylor.lnk.to/longpond', 'indices': [0, 23]}]}, 'description': {'urls': []}}, 'protected': False, 'followers_count': 1117384, 'friends_count': 915, 'listed_count': 2979, 'created_at': 'Mon Oct 05 22:36:08 +0000 2009', 'favourites_count': 17490, 'utc_offset': None, 'time_zone': None, 'geo_enabled': False, 'verified': True, 'statuses_count': 18119, 'lang': None, 'contributors_enabled': False, 'is_translator': False, 'is_translation_enabled': True, 'profile_background_color': '000000', 'profile_background_image_url': 'http://abs.twimg.com/images/themes/theme18/bg.gif', 'profile_background_image_url_https': 'https://abs.twimg.com/images/themes/theme18/bg.gif', 'profile_background_tile': False, 'profile_image_url': 'http://pbs.twimg.com/profile_images/1286271838235107328/d0hJNXtB_normal.jpg', 'profile_image_url_https': 'https://pbs.twimg.com/profile_images/1286271838235107328/d0hJNXtB_normal.jpg', 'profile_banner_url': 'https://pbs.twimg.com/profile_banners/80144576/1606291949', 'profile_link_color': 'AF1947', 'profile_sidebar_border_color': '000000', 'profile_sidebar_fill_color': 'F6F6F6', 'profile_text_color': '333333', 'profile_use_background_image': False, 'has_extended_profile': True, 'default_profile': False, 'default_profile_image': False, 'following': None, 'follow_request_sent': None, 'notifications': None, 'translator_type': 'none'}, id=80144576, id_str='80144576', name='Taylor Nation', screen_name='taylornation13', location='Taylor Nation', description='new album #folklore is out now! üåü', url='https://t.co/1UodIYtA0r', entities={'url': {'urls': [{'url': 'https://t.co/1UodIYtA0r', 'expanded_url': 'https://taylor.lnk.to/longpond', 'display_url': 'taylor.lnk.to/longpond', 'indices': [0, 23]}]}, 'description': {'urls': []}}, protected=False, followers_count=1117384, friends_count=915, listed_count=2979, created_at=datetime.datetime(2009, 10, 5, 22, 36, 8), favourites_count=17490, utc_offset=None, time_zone=None, geo_enabled=False, verified=True, statuses_count=18119, lang=None, contributors_enabled=False, is_translator=False, is_translation_enabled=True, profile_background_color='000000', profile_background_image_url='http://abs.twimg.com/images/themes/theme18/bg.gif', profile_background_image_url_https='https://abs.twimg.com/images/themes/theme18/bg.gif', profile_background_tile=False, profile_image_url='http://pbs.twimg.com/profile_images/1286271838235107328/d0hJNXtB_normal.jpg', profile_image_url_https='https://pbs.twimg.com/profile_images/1286271838235107328/d0hJNXtB_normal.jpg', profile_banner_url='https://pbs.twimg.com/profile_banners/80144576/1606291949', profile_link_color='AF1947', profile_sidebar_border_color='000000', profile_sidebar_fill_color='F6F6F6', profile_text_color='333333', profile_use_background_image=False, has_extended_profile=True, default_profile=False, default_profile_image=False, following=False, follow_request_sent=None, notifications=None, translator_type='none'), user=User(_api=<tweepy.api.API object at 0x0000016B50B40518>, _json={'id': 80144576, 'id_str': '80144576', 'name': 'Taylor Nation', 'screen_name': 'taylornation13', 'location': 'Taylor Nation', 'description': 'new album #folklore is out now! üåü', 'url': 'https://t.co/1UodIYtA0r', 'entities': {'url': {'urls': [{'url': 'https://t.co/1UodIYtA0r', 'expanded_url': 'https://taylor.lnk.to/longpond', 'display_url': 'taylor.lnk.to/longpond', 'indices': [0, 23]}]}, 'description': {'urls': []}}, 'protected': False, 'followers_count': 1117384, 'friends_count': 915, 'listed_count': 2979, 'created_at': 'Mon Oct 05 22:36:08 +0000 2009', 'favourites_count': 17490, 'utc_offset': None, 'time_zone': None, 'geo_enabled': False, 'verified': True, 'statuses_count': 18119, 'lang': None, 'contributors_enabled': False, 'is_translator': False, 'is_translation_enabled': True, 'profile_background_color': '000000', 'profile_background_image_url': 'http://abs.twimg.com/images/themes/theme18/bg.gif', 'profile_background_image_url_https': 'https://abs.twimg.com/images/themes/theme18/bg.gif', 'profile_background_tile': False, 'profile_image_url': 'http://pbs.twimg.com/profile_images/1286271838235107328/d0hJNXtB_normal.jpg', 'profile_image_url_https': 'https://pbs.twimg.com/profile_images/1286271838235107328/d0hJNXtB_normal.jpg', 'profile_banner_url': 'https://pbs.twimg.com/profile_banners/80144576/1606291949', 'profile_link_color': 'AF1947', 'profile_sidebar_border_color': '000000', 'profile_sidebar_fill_color': 'F6F6F6', 'profile_text_color': '333333', 'profile_use_background_image': False, 'has_extended_profile': True, 'default_profile': False, 'default_profile_image': False, 'following': None, 'follow_request_sent': None, 'notifications': None, 'translator_type': 'none'}, id=80144576, id_str='80144576', name='Taylor Nation', screen_name='taylornation13', location='Taylor Nation', description='new album #folklore is out now! üåü', url='https://t.co/1UodIYtA0r', entities={'url': {'urls': [{'url': 'https://t.co/1UodIYtA0r', 'expanded_url': 'https://taylor.lnk.to/longpond', 'display_url': 'taylor.lnk.to/longpond', 'indices': [0, 23]}]}, 'description': {'urls': []}}, protected=False, followers_count=1117384, friends_count=915, listed_count=2979, created_at=datetime.datetime(2009, 10, 5, 22, 36, 8), favourites_count=17490, utc_offset=None, time_zone=None, geo_enabled=False, verified=True, statuses_count=18119, lang=None, contributors_enabled=False, is_translator=False, is_translation_enabled=True, profile_background_color='000000', profile_background_image_url='http://abs.twimg.com/images/themes/theme18/bg.gif', profile_background_image_url_https='https://abs.twimg.com/images/themes/theme18/bg.gif', profile_background_tile=False, profile_image_url='http://pbs.twimg.com/profile_images/1286271838235107328/d0hJNXtB_normal.jpg', profile_image_url_https='https://pbs.twimg.com/profile_images/1286271838235107328/d0hJNXtB_normal.jpg', profile_banner_url='https://pbs.twimg.com/profile_banners/80144576/1606291949', profile_link_color='AF1947', profile_sidebar_border_color='000000', profile_sidebar_fill_color='F6F6F6', profile_text_color='333333', profile_use_background_image=False, has_extended_profile=True, default_profile=False, default_profile_image=False, following=False, follow_request_sent=None, notifications=None, translator_type='none'), geo=None, coordinates=None, place=None, contributors=None, is_quote_status=False, retweet_count=400, favorite_count=4175, favorited=False, retweeted=False, possibly_sensitive=False, lang='en')",133,"(49.3074428, -122.9803648, 0.0)"
1,1,1,,1331734332873039872,2020-11-25 22:59:42,We're booting up our @disneyplus!! Only a few minutes before we hit play. ‚ñ∂Ô∏è  Use #folklorewatchparty and‚Ä¶ https://t.co/QgrRedcXtM,236,1914,False,,,"{'text': 'folklorewatchparty', 'indices': [82, 101]}","{'screen_name': 'disneyplus', 'name': 'Disney+', 'id': 985916593065476096, 'id_str': '985916593065476096', 'indices': [21, 32]}",Twitter Web App,https://mobile.twitter.com,80144576,Taylor Nation,taylornation13,2009-10-05 22:36:08,1117384,new album #folklore is out now! üåü,True,False,Taylor Nation,915,18119,2979,"Status(_api=<tweepy.api.API object at 0x0000016B50B40518>, _json={'created_at': 'Wed Nov 25 22:59:42 +0000 2020', 'id': 1331734332873039872, 'id_str': '1331734332873039872', 'text': ""We're booting up our @disneyplus!! Only a few minutes before we hit play. ‚ñ∂Ô∏è  Use #folklorewatchparty and‚Ä¶ https://t.co/QgrRedcXtM"", 'truncated': True, 'entities': {'hashtags': [{'text': 'folklorewatchparty', 'indices': [82, 101]}], 'symbols': [], 'user_mentions': [{'screen_name': 'disneyplus', 'name': 'Disney+', 'id': 985916593065476096, 'id_str': '985916593065476096', 'indices': [21, 32]}], 'urls': [{'url': 'https://t.co/QgrRedcXtM', 'expanded_url': 'https://twitter.com/i/web/status/1331734332873039872', 'display_url': 'twitter.com/i/web/status/1‚Ä¶', 'indices': [107, 130]}]}, 'metadata': {'result_type': 'popular', 'iso_language_code': 'en'}, 'source': '<a href=""https://mobile.twitter.com"" rel=""nofollow"">Twitter Web App</a>', 'in_reply_to_status_id': None, 'in_reply_to_status_id_str': None, 'in_reply_to_user_id': None, 'in_reply_to_user_id_str': None, 'in_reply_to_screen_name': None, 'user': {'id': 80144576, 'id_str': '80144576', 'name': 'Taylor Nation', 'screen_name': 'taylornation13', 'location': 'Taylor Nation', 'description': 'new album #folklore is out now! üåü', 'url': 'https://t.co/1UodIYtA0r', 'entities': {'url': {'urls': [{'url': 'https://t.co/1UodIYtA0r', 'expanded_url': 'https://taylor.lnk.to/longpond', 'display_url': 'taylor.lnk.to/longpond', 'indices': [0, 23]}]}, 'description': {'urls': []}}, 'protected': False, 'followers_count': 1117384, 'friends_count': 915, 'listed_count': 2979, 'created_at': 'Mon Oct 05 22:36:08 +0000 2009', 'favourites_count': 17490, 'utc_offset': None, 'time_zone': None, 'geo_enabled': False, 'verified': True, 'statuses_count': 18119, 'lang': None, 'contributors_enabled': False, 'is_translator': False, 'is_translation_enabled': True, 'profile_background_color': '000000', 'profile_background_image_url': 'http://abs.twimg.com/images/themes/theme18/bg.gif', 'profile_background_image_url_https': 'https://abs.twimg.com/images/themes/theme18/bg.gif', 'profile_background_tile': False, 'profile_image_url': 'http://pbs.twimg.com/profile_images/1286271838235107328/d0hJNXtB_normal.jpg', 'profile_image_url_https': 'https://pbs.twimg.com/profile_images/1286271838235107328/d0hJNXtB_normal.jpg', 'profile_banner_url': 'https://pbs.twimg.com/profile_banners/80144576/1606291949', 'profile_link_color': 'AF1947', 'profile_sidebar_border_color': '000000', 'profile_sidebar_fill_color': 'F6F6F6', 'profile_text_color': '333333', 'profile_use_background_image': False, 'has_extended_profile': True, 'default_profile': False, 'default_profile_image': False, 'following': None, 'follow_request_sent': None, 'notifications': None, 'translator_type': 'none'}, 'geo': None, 'coordinates': None, 'place': None, 'contributors': None, 'is_quote_status': False, 'retweet_count': 236, 'favorite_count': 1914, 'favorited': False, 'retweeted': False, 'possibly_sensitive': False, 'lang': 'en'}, created_at=datetime.datetime(2020, 11, 25, 22, 59, 42), id=1331734332873039872, id_str='1331734332873039872', text=""We're booting up our @disneyplus!! Only a few minutes before we hit play. ‚ñ∂Ô∏è  Use #folklorewatchparty and‚Ä¶ https://t.co/QgrRedcXtM"", truncated=True, entities={'hashtags': [{'text': 'folklorewatchparty', 'indices': [82, 101]}], 'symbols': [], 'user_mentions': [{'screen_name': 'disneyplus', 'name': 'Disney+', 'id': 985916593065476096, 'id_str': '985916593065476096', 'indices': [21, 32]}], 'urls': [{'url': 'https://t.co/QgrRedcXtM', 'expanded_url': 'https://twitter.com/i/web/status/1331734332873039872', 'display_url': 'twitter.com/i/web/status/1‚Ä¶', 'indices': [107, 130]}]}, metadata={'result_type': 'popular', 'iso_language_code': 'en'}, source='Twitter Web App', source_url='https://mobile.twitter.com', in_reply_to_status_id=None, in_reply_to_status_id_str=None, in_reply_to_user_id=None, in_reply_to_user_id_str=None, in_reply_to_screen_name=None, author=User(_api=<tweepy.api.API object at 0x0000016B50B40518>, _json={'id': 80144576, 'id_str': '80144576', 'name': 'Taylor Nation', 'screen_name': 'taylornation13', 'location': 'Taylor Nation', 'description': 'new album #folklore is out now! üåü', 'url': 'https://t.co/1UodIYtA0r', 'entities': {'url': {'urls': [{'url': 'https://t.co/1UodIYtA0r', 'expanded_url': 'https://taylor.lnk.to/longpond', 'display_url': 'taylor.lnk.to/longpond', 'indices': [0, 23]}]}, 'description': {'urls': []}}, 'protected': False, 'followers_count': 1117384, 'friends_count': 915, 'listed_count': 2979, 'created_at': 'Mon Oct 05 22:36:08 +0000 2009', 'favourites_count': 17490, 'utc_offset': None, 'time_zone': None, 'geo_enabled': False, 'verified': True, 'statuses_count': 18119, 'lang': None, 'contributors_enabled': False, 'is_translator': False, 'is_translation_enabled': True, 'profile_background_color': '000000', 'profile_background_image_url': 'http://abs.twimg.com/images/themes/theme18/bg.gif', 'profile_background_image_url_https': 'https://abs.twimg.com/images/themes/theme18/bg.gif', 'profile_background_tile': False, 'profile_image_url': 'http://pbs.twimg.com/profile_images/1286271838235107328/d0hJNXtB_normal.jpg', 'profile_image_url_https': 'https://pbs.twimg.com/profile_images/1286271838235107328/d0hJNXtB_normal.jpg', 'profile_banner_url': 'https://pbs.twimg.com/profile_banners/80144576/1606291949', 'profile_link_color': 'AF1947', 'profile_sidebar_border_color': '000000', 'profile_sidebar_fill_color': 'F6F6F6', 'profile_text_color': '333333', 'profile_use_background_image': False, 'has_extended_profile': True, 'default_profile': False, 'default_profile_image': False, 'following': None, 'follow_request_sent': None, 'notifications': None, 'translator_type': 'none'}, id=80144576, id_str='80144576', name='Taylor Nation', screen_name='taylornation13', location='Taylor Nation', description='new album #folklore is out now! üåü', url='https://t.co/1UodIYtA0r', entities={'url': {'urls': [{'url': 'https://t.co/1UodIYtA0r', 'expanded_url': 'https://taylor.lnk.to/longpond', 'display_url': 'taylor.lnk.to/longpond', 'indices': [0, 23]}]}, 'description': {'urls': []}}, protected=False, followers_count=1117384, friends_count=915, listed_count=2979, created_at=datetime.datetime(2009, 10, 5, 22, 36, 8), favourites_count=17490, utc_offset=None, time_zone=None, geo_enabled=False, verified=True, statuses_count=18119, lang=None, contributors_enabled=False, is_translator=False, is_translation_enabled=True, profile_background_color='000000', profile_background_image_url='http://abs.twimg.com/images/themes/theme18/bg.gif', profile_background_image_url_https='https://abs.twimg.com/images/themes/theme18/bg.gif', profile_background_tile=False, profile_image_url='http://pbs.twimg.com/profile_images/1286271838235107328/d0hJNXtB_normal.jpg', profile_image_url_https='https://pbs.twimg.com/profile_images/1286271838235107328/d0hJNXtB_normal.jpg', profile_banner_url='https://pbs.twimg.com/profile_banners/80144576/1606291949', profile_link_color='AF1947', profile_sidebar_border_color='000000', profile_sidebar_fill_color='F6F6F6', profile_text_color='333333', profile_use_background_image=False, has_extended_profile=True, default_profile=False, default_profile_image=False, following=False, follow_request_sent=None, notifications=None, translator_type='none'), user=User(_api=<tweepy.api.API object at 0x0000016B50B40518>, _json={'id': 80144576, 'id_str': '80144576', 'name': 'Taylor Nation', 'screen_name': 'taylornation13', 'location': 'Taylor Nation', 'description': 'new album #folklore is out now! üåü', 'url': 'https://t.co/1UodIYtA0r', 'entities': {'url': {'urls': [{'url': 'https://t.co/1UodIYtA0r', 'expanded_url': 'https://taylor.lnk.to/longpond', 'display_url': 'taylor.lnk.to/longpond', 'indices': [0, 23]}]}, 'description': {'urls': []}}, 'protected': False, 'followers_count': 1117384, 'friends_count': 915, 'listed_count': 2979, 'created_at': 'Mon Oct 05 22:36:08 +0000 2009', 'favourites_count': 17490, 'utc_offset': None, 'time_zone': None, 'geo_enabled': False, 'verified': True, 'statuses_count': 18119, 'lang': None, 'contributors_enabled': False, 'is_translator': False, 'is_translation_enabled': True, 'profile_background_color': '000000', 'profile_background_image_url': 'http://abs.twimg.com/images/themes/theme18/bg.gif', 'profile_background_image_url_https': 'https://abs.twimg.com/images/themes/theme18/bg.gif', 'profile_background_tile': False, 'profile_image_url': 'http://pbs.twimg.com/profile_images/1286271838235107328/d0hJNXtB_normal.jpg', 'profile_image_url_https': 'https://pbs.twimg.com/profile_images/1286271838235107328/d0hJNXtB_normal.jpg', 'profile_banner_url': 'https://pbs.twimg.com/profile_banners/80144576/1606291949', 'profile_link_color': 'AF1947', 'profile_sidebar_border_color': '000000', 'profile_sidebar_fill_color': 'F6F6F6', 'profile_text_color': '333333', 'profile_use_background_image': False, 'has_extended_profile': True, 'default_profile': False, 'default_profile_image': False, 'following': None, 'follow_request_sent': None, 'notifications': None, 'translator_type': 'none'}, id=80144576, id_str='80144576', name='Taylor Nation', screen_name='taylornation13', location='Taylor Nation', description='new album #folklore is out now! üåü', url='https://t.co/1UodIYtA0r', entities={'url': {'urls': [{'url': 'https://t.co/1UodIYtA0r', 'expanded_url': 'https://taylor.lnk.to/longpond', 'display_url': 'taylor.lnk.to/longpond', 'indices': [0, 23]}]}, 'description': {'urls': []}}, protected=False, followers_count=1117384, friends_count=915, listed_count=2979, created_at=datetime.datetime(2009, 10, 5, 22, 36, 8), favourites_count=17490, utc_offset=None, time_zone=None, geo_enabled=False, verified=True, statuses_count=18119, lang=None, contributors_enabled=False, is_translator=False, is_translation_enabled=True, profile_background_color='000000', profile_background_image_url='http://abs.twimg.com/images/themes/theme18/bg.gif', profile_background_image_url_https='https://abs.twimg.com/images/themes/theme18/bg.gif', profile_background_tile=False, profile_image_url='http://pbs.twimg.com/profile_images/1286271838235107328/d0hJNXtB_normal.jpg', profile_image_url_https='https://pbs.twimg.com/profile_images/1286271838235107328/d0hJNXtB_normal.jpg', profile_banner_url='https://pbs.twimg.com/profile_banners/80144576/1606291949', profile_link_color='AF1947', profile_sidebar_border_color='000000', profile_sidebar_fill_color='F6F6F6', profile_text_color='333333', profile_use_background_image=False, has_extended_profile=True, default_profile=False, default_profile_image=False, following=False, follow_request_sent=None, notifications=None, translator_type='none'), geo=None, coordinates=None, place=None, contributors=None, is_quote_status=False, retweet_count=236, favorite_count=1914, favorited=False, retweeted=False, possibly_sensitive=False, lang='en')",133,"(49.3074428, -122.9803648, 0.0)"
2,2,2,,1331738732660187138,2020-11-25 23:17:11,"*shivers*
*everywhere*
*MY WHOLE BODY*

#folklorewatchparty #folkloreOnDisneyPlus",313,3960,False,,,"{'text': 'folklorewatchparty', 'indices': [40, 59]},{'text': 'folkloreOnDisneyPlus', 'indices': [60, 81]}",,Twitter Web App,https://mobile.twitter.com,80144576,Taylor Nation,taylornation13,2009-10-05 22:36:08,1117384,new album #folklore is out now! üåü,True,False,Taylor Nation,915,18119,2979,"Status(_api=<tweepy.api.API object at 0x0000016B50B40518>, _json={'created_at': 'Wed Nov 25 23:17:11 +0000 2020', 'id': 1331738732660187138, 'id_str': '1331738732660187138', 'text': '*shivers*\n*everywhere*\n*MY WHOLE BODY*\n\n#folklorewatchparty #folkloreOnDisneyPlus', 'truncated': False, 'entities': {'hashtags': [{'text': 'folklorewatchparty', 'indices': [40, 59]}, {'text': 'folkloreOnDisneyPlus', 'indices': [60, 81]}], 'symbols': [], 'user_mentions': [], 'urls': []}, 'metadata': {'result_type': 'popular', 'iso_language_code': 'en'}, 'source': '<a href=""https://mobile.twitter.com"" rel=""nofollow"">Twitter Web App</a>', 'in_reply_to_status_id': None, 'in_reply_to_status_id_str': None, 'in_reply_to_user_id': None, 'in_reply_to_user_id_str': None, 'in_reply_to_screen_name': None, 'user': {'id': 80144576, 'id_str': '80144576', 'name': 'Taylor Nation', 'screen_name': 'taylornation13', 'location': 'Taylor Nation', 'description': 'new album #folklore is out now! üåü', 'url': 'https://t.co/1UodIYtA0r', 'entities': {'url': {'urls': [{'url': 'https://t.co/1UodIYtA0r', 'expanded_url': 'https://taylor.lnk.to/longpond', 'display_url': 'taylor.lnk.to/longpond', 'indices': [0, 23]}]}, 'description': {'urls': []}}, 'protected': False, 'followers_count': 1117384, 'friends_count': 915, 'listed_count': 2979, 'created_at': 'Mon Oct 05 22:36:08 +0000 2009', 'favourites_count': 17490, 'utc_offset': None, 'time_zone': None, 'geo_enabled': False, 'verified': True, 'statuses_count': 18119, 'lang': None, 'contributors_enabled': False, 'is_translator': False, 'is_translation_enabled': True, 'profile_background_color': '000000', 'profile_background_image_url': 'http://abs.twimg.com/images/themes/theme18/bg.gif', 'profile_background_image_url_https': 'https://abs.twimg.com/images/themes/theme18/bg.gif', 'profile_background_tile': False, 'profile_image_url': 'http://pbs.twimg.com/profile_images/1286271838235107328/d0hJNXtB_normal.jpg', 'profile_image_url_https': 'https://pbs.twimg.com/profile_images/1286271838235107328/d0hJNXtB_normal.jpg', 'profile_banner_url': 'https://pbs.twimg.com/profile_banners/80144576/1606291949', 'profile_link_color': 'AF1947', 'profile_sidebar_border_color': '000000', 'profile_sidebar_fill_color': 'F6F6F6', 'profile_text_color': '333333', 'profile_use_background_image': False, 'has_extended_profile': True, 'default_profile': False, 'default_profile_image': False, 'following': None, 'follow_request_sent': None, 'notifications': None, 'translator_type': 'none'}, 'geo': None, 'coordinates': None, 'place': None, 'contributors': None, 'is_quote_status': False, 'retweet_count': 313, 'favorite_count': 3960, 'favorited': False, 'retweeted': False, 'lang': 'en'}, created_at=datetime.datetime(2020, 11, 25, 23, 17, 11), id=1331738732660187138, id_str='1331738732660187138', text='*shivers*\n*everywhere*\n*MY WHOLE BODY*\n\n#folklorewatchparty #folkloreOnDisneyPlus', truncated=False, entities={'hashtags': [{'text': 'folklorewatchparty', 'indices': [40, 59]}, {'text': 'folkloreOnDisneyPlus', 'indices': [60, 81]}], 'symbols': [], 'user_mentions': [], 'urls': []}, metadata={'result_type': 'popular', 'iso_language_code': 'en'}, source='Twitter Web App', source_url='https://mobile.twitter.com', in_reply_to_status_id=None, in_reply_to_status_id_str=None, in_reply_to_user_id=None, in_reply_to_user_id_str=None, in_reply_to_screen_name=None, author=User(_api=<tweepy.api.API object at 0x0000016B50B40518>, _json={'id': 80144576, 'id_str': '80144576', 'name': 'Taylor Nation', 'screen_name': 'taylornation13', 'location': 'Taylor Nation', 'description': 'new album #folklore is out now! üåü', 'url': 'https://t.co/1UodIYtA0r', 'entities': {'url': {'urls': [{'url': 'https://t.co/1UodIYtA0r', 'expanded_url': 'https://taylor.lnk.to/longpond', 'display_url': 'taylor.lnk.to/longpond', 'indices': [0, 23]}]}, 'description': {'urls': []}}, 'protected': False, 'followers_count': 1117384, 'friends_count': 915, 'listed_count': 2979, 'created_at': 'Mon Oct 05 22:36:08 +0000 2009', 'favourites_count': 17490, 'utc_offset': None, 'time_zone': None, 'geo_enabled': False, 'verified': True, 'statuses_count': 18119, 'lang': None, 'contributors_enabled': False, 'is_translator': False, 'is_translation_enabled': True, 'profile_background_color': '000000', 'profile_background_image_url': 'http://abs.twimg.com/images/themes/theme18/bg.gif', 'profile_background_image_url_https': 'https://abs.twimg.com/images/themes/theme18/bg.gif', 'profile_background_tile': False, 'profile_image_url': 'http://pbs.twimg.com/profile_images/1286271838235107328/d0hJNXtB_normal.jpg', 'profile_image_url_https': 'https://pbs.twimg.com/profile_images/1286271838235107328/d0hJNXtB_normal.jpg', 'profile_banner_url': 'https://pbs.twimg.com/profile_banners/80144576/1606291949', 'profile_link_color': 'AF1947', 'profile_sidebar_border_color': '000000', 'profile_sidebar_fill_color': 'F6F6F6', 'profile_text_color': '333333', 'profile_use_background_image': False, 'has_extended_profile': True, 'default_profile': False, 'default_profile_image': False, 'following': None, 'follow_request_sent': None, 'notifications': None, 'translator_type': 'none'}, id=80144576, id_str='80144576', name='Taylor Nation', screen_name='taylornation13', location='Taylor Nation', description='new album #folklore is out now! üåü', url='https://t.co/1UodIYtA0r', entities={'url': {'urls': [{'url': 'https://t.co/1UodIYtA0r', 'expanded_url': 'https://taylor.lnk.to/longpond', 'display_url': 'taylor.lnk.to/longpond', 'indices': [0, 23]}]}, 'description': {'urls': []}}, protected=False, followers_count=1117384, friends_count=915, listed_count=2979, created_at=datetime.datetime(2009, 10, 5, 22, 36, 8), favourites_count=17490, utc_offset=None, time_zone=None, geo_enabled=False, verified=True, statuses_count=18119, lang=None, contributors_enabled=False, is_translator=False, is_translation_enabled=True, profile_background_color='000000', profile_background_image_url='http://abs.twimg.com/images/themes/theme18/bg.gif', profile_background_image_url_https='https://abs.twimg.com/images/themes/theme18/bg.gif', profile_background_tile=False, profile_image_url='http://pbs.twimg.com/profile_images/1286271838235107328/d0hJNXtB_normal.jpg', profile_image_url_https='https://pbs.twimg.com/profile_images/1286271838235107328/d0hJNXtB_normal.jpg', profile_banner_url='https://pbs.twimg.com/profile_banners/80144576/1606291949', profile_link_color='AF1947', profile_sidebar_border_color='000000', profile_sidebar_fill_color='F6F6F6', profile_text_color='333333', profile_use_background_image=False, has_extended_profile=True, default_profile=False, default_profile_image=False, following=False, follow_request_sent=None, notifications=None, translator_type='none'), user=User(_api=<tweepy.api.API object at 0x0000016B50B40518>, _json={'id': 80144576, 'id_str': '80144576', 'name': 'Taylor Nation', 'screen_name': 'taylornation13', 'location': 'Taylor Nation', 'description': 'new album #folklore is out now! üåü', 'url': 'https://t.co/1UodIYtA0r', 'entities': {'url': {'urls': [{'url': 'https://t.co/1UodIYtA0r', 'expanded_url': 'https://taylor.lnk.to/longpond', 'display_url': 'taylor.lnk.to/longpond', 'indices': [0, 23]}]}, 'description': {'urls': []}}, 'protected': False, 'followers_count': 1117384, 'friends_count': 915, 'listed_count': 2979, 'created_at': 'Mon Oct 05 22:36:08 +0000 2009', 'favourites_count': 17490, 'utc_offset': None, 'time_zone': None, 'geo_enabled': False, 'verified': True, 'statuses_count': 18119, 'lang': None, 'contributors_enabled': False, 'is_translator': False, 'is_translation_enabled': True, 'profile_background_color': '000000', 'profile_background_image_url': 'http://abs.twimg.com/images/themes/theme18/bg.gif', 'profile_background_image_url_https': 'https://abs.twimg.com/images/themes/theme18/bg.gif', 'profile_background_tile': False, 'profile_image_url': 'http://pbs.twimg.com/profile_images/1286271838235107328/d0hJNXtB_normal.jpg', 'profile_image_url_https': 'https://pbs.twimg.com/profile_images/1286271838235107328/d0hJNXtB_normal.jpg', 'profile_banner_url': 'https://pbs.twimg.com/profile_banners/80144576/1606291949', 'profile_link_color': 'AF1947', 'profile_sidebar_border_color': '000000', 'profile_sidebar_fill_color': 'F6F6F6', 'profile_text_color': '333333', 'profile_use_background_image': False, 'has_extended_profile': True, 'default_profile': False, 'default_profile_image': False, 'following': None, 'follow_request_sent': None, 'notifications': None, 'translator_type': 'none'}, id=80144576, id_str='80144576', name='Taylor Nation', screen_name='taylornation13', location='Taylor Nation', description='new album #folklore is out now! üåü', url='https://t.co/1UodIYtA0r', entities={'url': {'urls': [{'url': 'https://t.co/1UodIYtA0r', 'expanded_url': 'https://taylor.lnk.to/longpond', 'display_url': 'taylor.lnk.to/longpond', 'indices': [0, 23]}]}, 'description': {'urls': []}}, protected=False, followers_count=1117384, friends_count=915, listed_count=2979, created_at=datetime.datetime(2009, 10, 5, 22, 36, 8), favourites_count=17490, utc_offset=None, time_zone=None, geo_enabled=False, verified=True, statuses_count=18119, lang=None, contributors_enabled=False, is_translator=False, is_translation_enabled=True, profile_background_color='000000', profile_background_image_url='http://abs.twimg.com/images/themes/theme18/bg.gif', profile_background_image_url_https='https://abs.twimg.com/images/themes/theme18/bg.gif', profile_background_tile=False, profile_image_url='http://pbs.twimg.com/profile_images/1286271838235107328/d0hJNXtB_normal.jpg', profile_image_url_https='https://pbs.twimg.com/profile_images/1286271838235107328/d0hJNXtB_normal.jpg', profile_banner_url='https://pbs.twimg.com/profile_banners/80144576/1606291949', profile_link_color='AF1947', profile_sidebar_border_color='000000', profile_sidebar_fill_color='F6F6F6', profile_text_color='333333', profile_use_background_image=False, has_extended_profile=True, default_profile=False, default_profile_image=False, following=False, follow_request_sent=None, notifications=None, translator_type='none'), geo=None, coordinates=None, place=None, contributors=None, is_quote_status=False, retweet_count=313, favorite_count=3960, favorited=False, retweeted=False, lang='en')",133,"(49.3074428, -122.9803648, 0.0)"
3,3,3,,1331681882170294272,2020-11-25 19:31:16,"not a lot going on today except me crying in a cardigan. hi, tay tay. üò≠ 
__
#folkloreOnDisneyPlus: the intimate beh‚Ä¶ https://t.co/HNA5YLwjpQ",16,144,False,,,"{'text': 'folkloreOnDisneyPlus', 'indices': [76, 97]}",,Twitter Media Studio,https://studio.twitter.com,40105401,Freeform,FreeformTV,2009-05-14 22:36:53,673873,"a little forward.                                             
need help? got you at @freeformsupport.",True,False,,905,96247,2251,"Status(_api=<tweepy.api.API object at 0x0000016B50B40518>, _json={'created_at': 'Wed Nov 25 19:31:16 +0000 2020', 'id': 1331681882170294272, 'id_str': '1331681882170294272', 'text': 'not a lot going on today except me crying in a cardigan. hi, tay tay. üò≠ \n__\n#folkloreOnDisneyPlus: the intimate beh‚Ä¶ https://t.co/HNA5YLwjpQ', 'truncated': True, 'entities': {'hashtags': [{'text': 'folkloreOnDisneyPlus', 'indices': [76, 97]}], 'symbols': [], 'user_mentions': [], 'urls': [{'url': 'https://t.co/HNA5YLwjpQ', 'expanded_url': 'https://twitter.com/i/web/status/1331681882170294272', 'display_url': 'twitter.com/i/web/status/1‚Ä¶', 'indices': [117, 140]}]}, 'metadata': {'result_type': 'popular', 'iso_language_code': 'en'}, 'source': '<a href=""https://studio.twitter.com"" rel=""nofollow"">Twitter Media Studio</a>', 'in_reply_to_status_id': None, 'in_reply_to_status_id_str': None, 'in_reply_to_user_id': None, 'in_reply_to_user_id_str': None, 'in_reply_to_screen_name': None, 'user': {'id': 40105401, 'id_str': '40105401', 'name': 'Freeform', 'screen_name': 'FreeformTV', 'location': '', 'description': 'a little forward.                                             \nneed help? got you at @freeformsupport.', 'url': 'https://t.co/MXzvdNkBck', 'entities': {'url': {'urls': [{'url': 'https://t.co/MXzvdNkBck', 'expanded_url': 'http://freeform.com', 'display_url': 'freeform.com', 'indices': [0, 23]}]}, 'description': {'urls': []}}, 'protected': False, 'followers_count': 673873, 'friends_count': 905, 'listed_count': 2251, 'created_at': 'Thu May 14 22:36:53 +0000 2009', 'favourites_count': 16642, 'utc_offset': None, 'time_zone': None, 'geo_enabled': True, 'verified': True, 'statuses_count': 96247, 'lang': None, 'contributors_enabled': False, 'is_translator': False, 'is_translation_enabled': False, 'profile_background_color': '141135', 'profile_background_image_url': 'http://abs.twimg.com/images/themes/theme1/bg.png', 'profile_background_image_url_https': 'https://abs.twimg.com/images/themes/theme1/bg.png', 'profile_background_tile': False, 'profile_image_url': 'http://pbs.twimg.com/profile_images/1316952728891916288/-qwncTk9_normal.jpg', 'profile_image_url_https': 'https://pbs.twimg.com/profile_images/1316952728891916288/-qwncTk9_normal.jpg', 'profile_banner_url': 'https://pbs.twimg.com/profile_banners/40105401/1602820977', 'profile_link_color': '0084B4', 'profile_sidebar_border_color': 'FFFFFF', 'profile_sidebar_fill_color': 'DDEEF6', 'profile_text_color': '333333', 'profile_use_background_image': True, 'has_extended_profile': False, 'default_profile': False, 'default_profile_image': False, 'following': None, 'follow_request_sent': None, 'notifications': None, 'translator_type': 'regular'}, 'geo': None, 'coordinates': None, 'place': None, 'contributors': None, 'is_quote_status': False, 'retweet_count': 16, 'favorite_count': 144, 'favorited': False, 'retweeted': False, 'possibly_sensitive': False, 'lang': 'en'}, created_at=datetime.datetime(2020, 11, 25, 19, 31, 16), id=1331681882170294272, id_str='1331681882170294272', text='not a lot going on today except me crying in a cardigan. hi, tay tay. üò≠ \n__\n#folkloreOnDisneyPlus: the intimate beh‚Ä¶ https://t.co/HNA5YLwjpQ', truncated=True, entities={'hashtags': [{'text': 'folkloreOnDisneyPlus', 'indices': [76, 97]}], 'symbols': [], 'user_mentions': [], 'urls': [{'url': 'https://t.co/HNA5YLwjpQ', 'expanded_url': 'https://twitter.com/i/web/status/1331681882170294272', 'display_url': 'twitter.com/i/web/status/1‚Ä¶', 'indices': [117, 140]}]}, metadata={'result_type': 'popular', 'iso_language_code': 'en'}, source='Twitter Media Studio', source_url='https://studio.twitter.com', in_reply_to_status_id=None, in_reply_to_status_id_str=None, in_reply_to_user_id=None, in_reply_to_user_id_str=None, in_reply_to_screen_name=None, author=User(_api=<tweepy.api.API object at 0x0000016B50B40518>, _json={'id': 40105401, 'id_str': '40105401', 'name': 'Freeform', 'screen_name': 'FreeformTV', 'location': '', 'description': 'a little forward.                                             \nneed help? got you at @freeformsupport.', 'url': 'https://t.co/MXzvdNkBck', 'entities': {'url': {'urls': [{'url': 'https://t.co/MXzvdNkBck', 'expanded_url': 'http://freeform.com', 'display_url': 'freeform.com', 'indices': [0, 23]}]}, 'description': {'urls': []}}, 'protected': False, 'followers_count': 673873, 'friends_count': 905, 'listed_count': 2251, 'created_at': 'Thu May 14 22:36:53 +0000 2009', 'favourites_count': 16642, 'utc_offset': None, 'time_zone': None, 'geo_enabled': True, 'verified': True, 'statuses_count': 96247, 'lang': None, 'contributors_enabled': False, 'is_translator': False, 'is_translation_enabled': False, 'profile_background_color': '141135', 'profile_background_image_url': 'http://abs.twimg.com/images/themes/theme1/bg.png', 'profile_background_image_url_https': 'https://abs.twimg.com/images/themes/theme1/bg.png', 'profile_background_tile': False, 'profile_image_url': 'http://pbs.twimg.com/profile_images/1316952728891916288/-qwncTk9_normal.jpg', 'profile_image_url_https': 'https://pbs.twimg.com/profile_images/1316952728891916288/-qwncTk9_normal.jpg', 'profile_banner_url': 'https://pbs.twimg.com/profile_banners/40105401/1602820977', 'profile_link_color': '0084B4', 'profile_sidebar_border_color': 'FFFFFF', 'profile_sidebar_fill_color': 'DDEEF6', 'profile_text_color': '333333', 'profile_use_background_image': True, 'has_extended_profile': False, 'default_profile': False, 'default_profile_image': False, 'following': None, 'follow_request_sent': None, 'notifications': None, 'translator_type': 'regular'}, id=40105401, id_str='40105401', name='Freeform', screen_name='FreeformTV', location='', description='a little forward.                                             \nneed help? got you at @freeformsupport.', url='https://t.co/MXzvdNkBck', entities={'url': {'urls': [{'url': 'https://t.co/MXzvdNkBck', 'expanded_url': 'http://freeform.com', 'display_url': 'freeform.com', 'indices': [0, 23]}]}, 'description': {'urls': []}}, protected=False, followers_count=673873, friends_count=905, listed_count=2251, created_at=datetime.datetime(2009, 5, 14, 22, 36, 53), favourites_count=16642, utc_offset=None, time_zone=None, geo_enabled=True, verified=True, statuses_count=96247, lang=None, contributors_enabled=False, is_translator=False, is_translation_enabled=False, profile_background_color='141135', profile_background_image_url='http://abs.twimg.com/images/themes/theme1/bg.png', profile_background_image_url_https='https://abs.twimg.com/images/themes/theme1/bg.png', profile_background_tile=False, profile_image_url='http://pbs.twimg.com/profile_images/1316952728891916288/-qwncTk9_normal.jpg', profile_image_url_https='https://pbs.twimg.com/profile_images/1316952728891916288/-qwncTk9_normal.jpg', profile_banner_url='https://pbs.twimg.com/profile_banners/40105401/1602820977', profile_link_color='0084B4', profile_sidebar_border_color='FFFFFF', profile_sidebar_fill_color='DDEEF6', profile_text_color='333333', profile_use_background_image=True, has_extended_profile=False, default_profile=False, default_profile_image=False, following=False, follow_request_sent=None, notifications=None, translator_type='regular'), user=User(_api=<tweepy.api.API object at 0x0000016B50B40518>, _json={'id': 40105401, 'id_str': '40105401', 'name': 'Freeform', 'screen_name': 'FreeformTV', 'location': '', 'description': 'a little forward.                                             \nneed help? got you at @freeformsupport.', 'url': 'https://t.co/MXzvdNkBck', 'entities': {'url': {'urls': [{'url': 'https://t.co/MXzvdNkBck', 'expanded_url': 'http://freeform.com', 'display_url': 'freeform.com', 'indices': [0, 23]}]}, 'description': {'urls': []}}, 'protected': False, 'followers_count': 673873, 'friends_count': 905, 'listed_count': 2251, 'created_at': 'Thu May 14 22:36:53 +0000 2009', 'favourites_count': 16642, 'utc_offset': None, 'time_zone': None, 'geo_enabled': True, 'verified': True, 'statuses_count': 96247, 'lang': None, 'contributors_enabled': False, 'is_translator': False, 'is_translation_enabled': False, 'profile_background_color': '141135', 'profile_background_image_url': 'http://abs.twimg.com/images/themes/theme1/bg.png', 'profile_background_image_url_https': 'https://abs.twimg.com/images/themes/theme1/bg.png', 'profile_background_tile': False, 'profile_image_url': 'http://pbs.twimg.com/profile_images/1316952728891916288/-qwncTk9_normal.jpg', 'profile_image_url_https': 'https://pbs.twimg.com/profile_images/1316952728891916288/-qwncTk9_normal.jpg', 'profile_banner_url': 'https://pbs.twimg.com/profile_banners/40105401/1602820977', 'profile_link_color': '0084B4', 'profile_sidebar_border_color': 'FFFFFF', 'profile_sidebar_fill_color': 'DDEEF6', 'profile_text_color': '333333', 'profile_use_background_image': True, 'has_extended_profile': False, 'default_profile': False, 'default_profile_image': False, 'following': None, 'follow_request_sent': None, 'notifications': None, 'translator_type': 'regular'}, id=40105401, id_str='40105401', name='Freeform', screen_name='FreeformTV', location='', description='a little forward.                                             \nneed help? got you at @freeformsupport.', url='https://t.co/MXzvdNkBck', entities={'url': {'urls': [{'url': 'https://t.co/MXzvdNkBck', 'expanded_url': 'http://freeform.com', 'display_url': 'freeform.com', 'indices': [0, 23]}]}, 'description': {'urls': []}}, protected=False, followers_count=673873, friends_count=905, listed_count=2251, created_at=datetime.datetime(2009, 5, 14, 22, 36, 53), favourites_count=16642, utc_offset=None, time_zone=None, geo_enabled=True, verified=True, statuses_count=96247, lang=None, contributors_enabled=False, is_translator=False, is_translation_enabled=False, profile_background_color='141135', profile_background_image_url='http://abs.twimg.com/images/themes/theme1/bg.png', profile_background_image_url_https='https://abs.twimg.com/images/themes/theme1/bg.png', profile_background_tile=False, profile_image_url='http://pbs.twimg.com/profile_images/1316952728891916288/-qwncTk9_normal.jpg', profile_image_url_https='https://pbs.twimg.com/profile_images/1316952728891916288/-qwncTk9_normal.jpg', profile_banner_url='https://pbs.twimg.com/profile_banners/40105401/1602820977', profile_link_color='0084B4', profile_sidebar_border_color='FFFFFF', profile_sidebar_fill_color='DDEEF6', profile_text_color='333333', profile_use_background_image=True, has_extended_profile=False, default_profile=False, default_profile_image=False, following=False, follow_request_sent=None, notifications=None, translator_type='regular'), geo=None, coordinates=None, place=None, contributors=None, is_quote_status=False, retweet_count=16, favorite_count=144, favorited=False, retweeted=False, possibly_sensitive=False, lang='en')",138,
4,4,4,,1331742014019231745,2020-11-25 23:30:13,taylor swift with that elle woods/dolly parton energy #folklorewatchparty #folkloreOnDisneyPlus https://t.co/bOi1MFjxEX,13,96,False,,,"{'text': 'folklorewatchparty', 'indices': [54, 73]},{'text': 'folkloreOnDisneyPlus', 'indices': [74, 95]}",,Twitter Web App,https://mobile.twitter.com,40105401,Freeform,FreeformTV,2009-05-14 22:36:53,673873,"a little forward.                                             
need help? got you at @freeformsupport.",True,False,,905,96247,2251,"Status(_api=<tweepy.api.API object at 0x0000016B50B40518>, _json={'created_at': 'Wed Nov 25 23:30:13 +0000 2020', 'id': 1331742014019231745, 'id_str': '1331742014019231745', 'text': 'taylor swift with that elle woods/dolly parton energy #folklorewatchparty #folkloreOnDisneyPlus https://t.co/bOi1MFjxEX', 'truncated': False, 'entities': {'hashtags': [{'text': 'folklorewatchparty', 'indices': [54, 73]}, {'text': 'folkloreOnDisneyPlus', 'indices': [74, 95]}], 'symbols': [], 'user_mentions': [], 'urls': [], 'media': [{'id': 1331741665296478210, 'id_str': '1331741665296478210', 'indices': [96, 119], 'media_url': 'http://pbs.twimg.com/media/EntL_RyVcAIJGjl.jpg', 'media_url_https': 'https://pbs.twimg.com/media/EntL_RyVcAIJGjl.jpg', 'url': 'https://t.co/bOi1MFjxEX', 'display_url': 'pic.twitter.com/bOi1MFjxEX', 'expanded_url': 'https://twitter.com/FreeformTV/status/1331742014019231745/photo/1', 'type': 'photo', 'sizes': {'thumb': {'w': 150, 'h': 150, 'resize': 'crop'}, 'small': {'w': 680, 'h': 421, 'resize': 'fit'}, 'large': {'w': 2048, 'h': 1267, 'resize': 'fit'}, 'medium': {'w': 1200, 'h': 742, 'resize': 'fit'}}}]}, 'extended_entities': {'media': [{'id': 1331741665296478210, 'id_str': '1331741665296478210', 'indices': [96, 119], 'media_url': 'http://pbs.twimg.com/media/EntL_RyVcAIJGjl.jpg', 'media_url_https': 'https://pbs.twimg.com/media/EntL_RyVcAIJGjl.jpg', 'url': 'https://t.co/bOi1MFjxEX', 'display_url': 'pic.twitter.com/bOi1MFjxEX', 'expanded_url': 'https://twitter.com/FreeformTV/status/1331742014019231745/photo/1', 'type': 'photo', 'sizes': {'thumb': {'w': 150, 'h': 150, 'resize': 'crop'}, 'small': {'w': 680, 'h': 421, 'resize': 'fit'}, 'large': {'w': 2048, 'h': 1267, 'resize': 'fit'}, 'medium': {'w': 1200, 'h': 742, 'resize': 'fit'}}}, {'id': 1331741754538639360, 'id_str': '1331741754538639360', 'indices': [96, 119], 'media_url': 'http://pbs.twimg.com/media/EntMEePUwAAGMA8.jpg', 'media_url_https': 'https://pbs.twimg.com/media/EntMEePUwAAGMA8.jpg', 'url': 'https://t.co/bOi1MFjxEX', 'display_url': 'pic.twitter.com/bOi1MFjxEX', 'expanded_url': 'https://twitter.com/FreeformTV/status/1331742014019231745/photo/1', 'type': 'photo', 'sizes': {'small': {'w': 500, 'h': 665, 'resize': 'fit'}, 'thumb': {'w': 150, 'h': 150, 'resize': 'crop'}, 'large': {'w': 500, 'h': 665, 'resize': 'fit'}, 'medium': {'w': 500, 'h': 665, 'resize': 'fit'}}}]}, 'metadata': {'result_type': 'popular', 'iso_language_code': 'en'}, 'source': '<a href=""https://mobile.twitter.com"" rel=""nofollow"">Twitter Web App</a>', 'in_reply_to_status_id': None, 'in_reply_to_status_id_str': None, 'in_reply_to_user_id': None, 'in_reply_to_user_id_str': None, 'in_reply_to_screen_name': None, 'user': {'id': 40105401, 'id_str': '40105401', 'name': 'Freeform', 'screen_name': 'FreeformTV', 'location': '', 'description': 'a little forward.                                             \nneed help? got you at @freeformsupport.', 'url': 'https://t.co/MXzvdNkBck', 'entities': {'url': {'urls': [{'url': 'https://t.co/MXzvdNkBck', 'expanded_url': 'http://freeform.com', 'display_url': 'freeform.com', 'indices': [0, 23]}]}, 'description': {'urls': []}}, 'protected': False, 'followers_count': 673873, 'friends_count': 905, 'listed_count': 2251, 'created_at': 'Thu May 14 22:36:53 +0000 2009', 'favourites_count': 16642, 'utc_offset': None, 'time_zone': None, 'geo_enabled': True, 'verified': True, 'statuses_count': 96247, 'lang': None, 'contributors_enabled': False, 'is_translator': False, 'is_translation_enabled': False, 'profile_background_color': '141135', 'profile_background_image_url': 'http://abs.twimg.com/images/themes/theme1/bg.png', 'profile_background_image_url_https': 'https://abs.twimg.com/images/themes/theme1/bg.png', 'profile_background_tile': False, 'profile_image_url': 'http://pbs.twimg.com/profile_images/1316952728891916288/-qwncTk9_normal.jpg', 'profile_image_url_https': 'https://pbs.twimg.com/profile_images/1316952728891916288/-qwncTk9_normal.jpg', 'profile_banner_url': 'https://pbs.twimg.com/profile_banners/40105401/1602820977', 'profile_link_color': '0084B4', 'profile_sidebar_border_color': 'FFFFFF', 'profile_sidebar_fill_color': 'DDEEF6', 'profile_text_color': '333333', 'profile_use_background_image': True, 'has_extended_profile': False, 'default_profile': False, 'default_profile_image': False, 'following': None, 'follow_request_sent': None, 'notifications': None, 'translator_type': 'regular'}, 'geo': None, 'coordinates': None, 'place': None, 'contributors': None, 'is_quote_status': False, 'retweet_count': 13, 'favorite_count': 96, 'favorited': False, 'retweeted': False, 'possibly_sensitive': False, 'lang': 'en'}, created_at=datetime.datetime(2020, 11, 25, 23, 30, 13), id=1331742014019231745, id_str='1331742014019231745', text='taylor swift with that elle woods/dolly parton energy #folklorewatchparty #folkloreOnDisneyPlus https://t.co/bOi1MFjxEX', truncated=False, entities={'hashtags': [{'text': 'folklorewatchparty', 'indices': [54, 73]}, {'text': 'folkloreOnDisneyPlus', 'indices': [74, 95]}], 'symbols': [], 'user_mentions': [], 'urls': [], 'media': [{'id': 1331741665296478210, 'id_str': '1331741665296478210', 'indices': [96, 119], 'media_url': 'http://pbs.twimg.com/media/EntL_RyVcAIJGjl.jpg', 'media_url_https': 'https://pbs.twimg.com/media/EntL_RyVcAIJGjl.jpg', 'url': 'https://t.co/bOi1MFjxEX', 'display_url': 'pic.twitter.com/bOi1MFjxEX', 'expanded_url': 'https://twitter.com/FreeformTV/status/1331742014019231745/photo/1', 'type': 'photo', 'sizes': {'thumb': {'w': 150, 'h': 150, 'resize': 'crop'}, 'small': {'w': 680, 'h': 421, 'resize': 'fit'}, 'large': {'w': 2048, 'h': 1267, 'resize': 'fit'}, 'medium': {'w': 1200, 'h': 742, 'resize': 'fit'}}}]}, extended_entities={'media': [{'id': 1331741665296478210, 'id_str': '1331741665296478210', 'indices': [96, 119], 'media_url': 'http://pbs.twimg.com/media/EntL_RyVcAIJGjl.jpg', 'media_url_https': 'https://pbs.twimg.com/media/EntL_RyVcAIJGjl.jpg', 'url': 'https://t.co/bOi1MFjxEX', 'display_url': 'pic.twitter.com/bOi1MFjxEX', 'expanded_url': 'https://twitter.com/FreeformTV/status/1331742014019231745/photo/1', 'type': 'photo', 'sizes': {'thumb': {'w': 150, 'h': 150, 'resize': 'crop'}, 'small': {'w': 680, 'h': 421, 'resize': 'fit'}, 'large': {'w': 2048, 'h': 1267, 'resize': 'fit'}, 'medium': {'w': 1200, 'h': 742, 'resize': 'fit'}}}, {'id': 1331741754538639360, 'id_str': '1331741754538639360', 'indices': [96, 119], 'media_url': 'http://pbs.twimg.com/media/EntMEePUwAAGMA8.jpg', 'media_url_https': 'https://pbs.twimg.com/media/EntMEePUwAAGMA8.jpg', 'url': 'https://t.co/bOi1MFjxEX', 'display_url': 'pic.twitter.com/bOi1MFjxEX', 'expanded_url': 'https://twitter.com/FreeformTV/status/1331742014019231745/photo/1', 'type': 'photo', 'sizes': {'small': {'w': 500, 'h': 665, 'resize': 'fit'}, 'thumb': {'w': 150, 'h': 150, 'resize': 'crop'}, 'large': {'w': 500, 'h': 665, 'resize': 'fit'}, 'medium': {'w': 500, 'h': 665, 'resize': 'fit'}}}]}, metadata={'result_type': 'popular', 'iso_language_code': 'en'}, source='Twitter Web App', source_url='https://mobile.twitter.com', in_reply_to_status_id=None, in_reply_to_status_id_str=None, in_reply_to_user_id=None, in_reply_to_user_id_str=None, in_reply_to_screen_name=None, author=User(_api=<tweepy.api.API object at 0x0000016B50B40518>, _json={'id': 40105401, 'id_str': '40105401', 'name': 'Freeform', 'screen_name': 'FreeformTV', 'location': '', 'description': 'a little forward.                                             \nneed help? got you at @freeformsupport.', 'url': 'https://t.co/MXzvdNkBck', 'entities': {'url': {'urls': [{'url': 'https://t.co/MXzvdNkBck', 'expanded_url': 'http://freeform.com', 'display_url': 'freeform.com', 'indices': [0, 23]}]}, 'description': {'urls': []}}, 'protected': False, 'followers_count': 673873, 'friends_count': 905, 'listed_count': 2251, 'created_at': 'Thu May 14 22:36:53 +0000 2009', 'favourites_count': 16642, 'utc_offset': None, 'time_zone': None, 'geo_enabled': True, 'verified': True, 'statuses_count': 96247, 'lang': None, 'contributors_enabled': False, 'is_translator': False, 'is_translation_enabled': False, 'profile_background_color': '141135', 'profile_background_image_url': 'http://abs.twimg.com/images/themes/theme1/bg.png', 'profile_background_image_url_https': 'https://abs.twimg.com/images/themes/theme1/bg.png', 'profile_background_tile': False, 'profile_image_url': 'http://pbs.twimg.com/profile_images/1316952728891916288/-qwncTk9_normal.jpg', 'profile_image_url_https': 'https://pbs.twimg.com/profile_images/1316952728891916288/-qwncTk9_normal.jpg', 'profile_banner_url': 'https://pbs.twimg.com/profile_banners/40105401/1602820977', 'profile_link_color': '0084B4', 'profile_sidebar_border_color': 'FFFFFF', 'profile_sidebar_fill_color': 'DDEEF6', 'profile_text_color': '333333', 'profile_use_background_image': True, 'has_extended_profile': False, 'default_profile': False, 'default_profile_image': False, 'following': None, 'follow_request_sent': None, 'notifications': None, 'translator_type': 'regular'}, id=40105401, id_str='40105401', name='Freeform', screen_name='FreeformTV', location='', description='a little forward.                                             \nneed help? got you at @freeformsupport.', url='https://t.co/MXzvdNkBck', entities={'url': {'urls': [{'url': 'https://t.co/MXzvdNkBck', 'expanded_url': 'http://freeform.com', 'display_url': 'freeform.com', 'indices': [0, 23]}]}, 'description': {'urls': []}}, protected=False, followers_count=673873, friends_count=905, listed_count=2251, created_at=datetime.datetime(2009, 5, 14, 22, 36, 53), favourites_count=16642, utc_offset=None, time_zone=None, geo_enabled=True, verified=True, statuses_count=96247, lang=None, contributors_enabled=False, is_translator=False, is_translation_enabled=False, profile_background_color='141135', profile_background_image_url='http://abs.twimg.com/images/themes/theme1/bg.png', profile_background_image_url_https='https://abs.twimg.com/images/themes/theme1/bg.png', profile_background_tile=False, profile_image_url='http://pbs.twimg.com/profile_images/1316952728891916288/-qwncTk9_normal.jpg', profile_image_url_https='https://pbs.twimg.com/profile_images/1316952728891916288/-qwncTk9_normal.jpg', profile_banner_url='https://pbs.twimg.com/profile_banners/40105401/1602820977', profile_link_color='0084B4', profile_sidebar_border_color='FFFFFF', profile_sidebar_fill_color='DDEEF6', profile_text_color='333333', profile_use_background_image=True, has_extended_profile=False, default_profile=False, default_profile_image=False, following=False, follow_request_sent=None, notifications=None, translator_type='regular'), user=User(_api=<tweepy.api.API object at 0x0000016B50B40518>, _json={'id': 40105401, 'id_str': '40105401', 'name': 'Freeform', 'screen_name': 'FreeformTV', 'location': '', 'description': 'a little forward.                                             \nneed help? got you at @freeformsupport.', 'url': 'https://t.co/MXzvdNkBck', 'entities': {'url': {'urls': [{'url': 'https://t.co/MXzvdNkBck', 'expanded_url': 'http://freeform.com', 'display_url': 'freeform.com', 'indices': [0, 23]}]}, 'description': {'urls': []}}, 'protected': False, 'followers_count': 673873, 'friends_count': 905, 'listed_count': 2251, 'created_at': 'Thu May 14 22:36:53 +0000 2009', 'favourites_count': 16642, 'utc_offset': None, 'time_zone': None, 'geo_enabled': True, 'verified': True, 'statuses_count': 96247, 'lang': None, 'contributors_enabled': False, 'is_translator': False, 'is_translation_enabled': False, 'profile_background_color': '141135', 'profile_background_image_url': 'http://abs.twimg.com/images/themes/theme1/bg.png', 'profile_background_image_url_https': 'https://abs.twimg.com/images/themes/theme1/bg.png', 'profile_background_tile': False, 'profile_image_url': 'http://pbs.twimg.com/profile_images/1316952728891916288/-qwncTk9_normal.jpg', 'profile_image_url_https': 'https://pbs.twimg.com/profile_images/1316952728891916288/-qwncTk9_normal.jpg', 'profile_banner_url': 'https://pbs.twimg.com/profile_banners/40105401/1602820977', 'profile_link_color': '0084B4', 'profile_sidebar_border_color': 'FFFFFF', 'profile_sidebar_fill_color': 'DDEEF6', 'profile_text_color': '333333', 'profile_use_background_image': True, 'has_extended_profile': False, 'default_profile': False, 'default_profile_image': False, 'following': None, 'follow_request_sent': None, 'notifications': None, 'translator_type': 'regular'}, id=40105401, id_str='40105401', name='Freeform', screen_name='FreeformTV', location='', description='a little forward.                                             \nneed help? got you at @freeformsupport.', url='https://t.co/MXzvdNkBck', entities={'url': {'urls': [{'url': 'https://t.co/MXzvdNkBck', 'expanded_url': 'http://freeform.com', 'display_url': 'freeform.com', 'indices': [0, 23]}]}, 'description': {'urls': []}}, protected=False, followers_count=673873, friends_count=905, listed_count=2251, created_at=datetime.datetime(2009, 5, 14, 22, 36, 53), favourites_count=16642, utc_offset=None, time_zone=None, geo_enabled=True, verified=True, statuses_count=96247, lang=None, contributors_enabled=False, is_translator=False, is_translation_enabled=False, profile_background_color='141135', profile_background_image_url='http://abs.twimg.com/images/themes/theme1/bg.png', profile_background_image_url_https='https://abs.twimg.com/images/themes/theme1/bg.png', profile_background_tile=False, profile_image_url='http://pbs.twimg.com/profile_images/1316952728891916288/-qwncTk9_normal.jpg', profile_image_url_https='https://pbs.twimg.com/profile_images/1316952728891916288/-qwncTk9_normal.jpg', profile_banner_url='https://pbs.twimg.com/profile_banners/40105401/1602820977', profile_link_color='0084B4', profile_sidebar_border_color='FFFFFF', profile_sidebar_fill_color='DDEEF6', profile_text_color='333333', profile_use_background_image=True, has_extended_profile=False, default_profile=False, default_profile_image=False, following=False, follow_request_sent=None, notifications=None, translator_type='regular'), geo=None, coordinates=None, place=None, contributors=None, is_quote_status=False, retweet_count=13, favorite_count=96, favorited=False, retweeted=False, possibly_sensitive=False, lang='en')",138,
5,5,5,,1331736268963647488,2020-11-25 23:07:23,"wow, suddenly i'm ready to leave big city life behind #folklorewatchparty https://t.co/8MWfWJnNU4",11,64,False,,,"{'text': 'folklorewatchparty', 'indices': [54, 73]}",,Twitter Web App,https://mobile.twitter.com,40105401,Freeform,FreeformTV,2009-05-14 22:36:53,673873,"a little forward.                                             
need help? got you at @freeformsupport.",True,False,,905,96247,2251,"Status(_api=<tweepy.api.API object at 0x0000016B50B40518>, _json={'created_at': 'Wed Nov 25 23:07:23 +0000 2020', 'id': 1331736268963647488, 'id_str': '1331736268963647488', 'text': ""wow, suddenly i'm ready to leave big city life behind #folklorewatchparty https://t.co/8MWfWJnNU4"", 'truncated': False, 'entities': {'hashtags': [{'text': 'folklorewatchparty', 'indices': [54, 73]}], 'symbols': [], 'user_mentions': [], 'urls': [], 'media': [{'id': 1331735975521751043, 'id_str': '1331735975521751043', 'indices': [74, 97], 'media_url': 'http://pbs.twimg.com/media/EntG0FuVEAM_9Ix.jpg', 'media_url_https': 'https://pbs.twimg.com/media/EntG0FuVEAM_9Ix.jpg', 'url': 'https://t.co/8MWfWJnNU4', 'display_url': 'pic.twitter.com/8MWfWJnNU4', 'expanded_url': 'https://twitter.com/FreeformTV/status/1331736268963647488/photo/1', 'type': 'photo', 'sizes': {'small': {'w': 680, 'h': 302, 'resize': 'fit'}, 'thumb': {'w': 150, 'h': 150, 'resize': 'crop'}, 'large': {'w': 2048, 'h': 909, 'resize': 'fit'}, 'medium': {'w': 1200, 'h': 532, 'resize': 'fit'}}}]}, 'extended_entities': {'media': [{'id': 1331735975521751043, 'id_str': '1331735975521751043', 'indices': [74, 97], 'media_url': 'http://pbs.twimg.com/media/EntG0FuVEAM_9Ix.jpg', 'media_url_https': 'https://pbs.twimg.com/media/EntG0FuVEAM_9Ix.jpg', 'url': 'https://t.co/8MWfWJnNU4', 'display_url': 'pic.twitter.com/8MWfWJnNU4', 'expanded_url': 'https://twitter.com/FreeformTV/status/1331736268963647488/photo/1', 'type': 'photo', 'sizes': {'small': {'w': 680, 'h': 302, 'resize': 'fit'}, 'thumb': {'w': 150, 'h': 150, 'resize': 'crop'}, 'large': {'w': 2048, 'h': 909, 'resize': 'fit'}, 'medium': {'w': 1200, 'h': 532, 'resize': 'fit'}}}]}, 'metadata': {'result_type': 'popular', 'iso_language_code': 'en'}, 'source': '<a href=""https://mobile.twitter.com"" rel=""nofollow"">Twitter Web App</a>', 'in_reply_to_status_id': None, 'in_reply_to_status_id_str': None, 'in_reply_to_user_id': None, 'in_reply_to_user_id_str': None, 'in_reply_to_screen_name': None, 'user': {'id': 40105401, 'id_str': '40105401', 'name': 'Freeform', 'screen_name': 'FreeformTV', 'location': '', 'description': 'a little forward.                                             \nneed help? got you at @freeformsupport.', 'url': 'https://t.co/MXzvdNkBck', 'entities': {'url': {'urls': [{'url': 'https://t.co/MXzvdNkBck', 'expanded_url': 'http://freeform.com', 'display_url': 'freeform.com', 'indices': [0, 23]}]}, 'description': {'urls': []}}, 'protected': False, 'followers_count': 673873, 'friends_count': 905, 'listed_count': 2251, 'created_at': 'Thu May 14 22:36:53 +0000 2009', 'favourites_count': 16642, 'utc_offset': None, 'time_zone': None, 'geo_enabled': True, 'verified': True, 'statuses_count': 96247, 'lang': None, 'contributors_enabled': False, 'is_translator': False, 'is_translation_enabled': False, 'profile_background_color': '141135', 'profile_background_image_url': 'http://abs.twimg.com/images/themes/theme1/bg.png', 'profile_background_image_url_https': 'https://abs.twimg.com/images/themes/theme1/bg.png', 'profile_background_tile': False, 'profile_image_url': 'http://pbs.twimg.com/profile_images/1316952728891916288/-qwncTk9_normal.jpg', 'profile_image_url_https': 'https://pbs.twimg.com/profile_images/1316952728891916288/-qwncTk9_normal.jpg', 'profile_banner_url': 'https://pbs.twimg.com/profile_banners/40105401/1602820977', 'profile_link_color': '0084B4', 'profile_sidebar_border_color': 'FFFFFF', 'profile_sidebar_fill_color': 'DDEEF6', 'profile_text_color': '333333', 'profile_use_background_image': True, 'has_extended_profile': False, 'default_profile': False, 'default_profile_image': False, 'following': None, 'follow_request_sent': None, 'notifications': None, 'translator_type': 'regular'}, 'geo': None, 'coordinates': None, 'place': None, 'contributors': None, 'is_quote_status': False, 'retweet_count': 11, 'favorite_count': 64, 'favorited': False, 'retweeted': False, 'possibly_sensitive': False, 'lang': 'en'}, created_at=datetime.datetime(2020, 11, 25, 23, 7, 23), id=1331736268963647488, id_str='1331736268963647488', text=""wow, suddenly i'm ready to leave big city life behind #folklorewatchparty https://t.co/8MWfWJnNU4"", truncated=False, entities={'hashtags': [{'text': 'folklorewatchparty', 'indices': [54, 73]}], 'symbols': [], 'user_mentions': [], 'urls': [], 'media': [{'id': 1331735975521751043, 'id_str': '1331735975521751043', 'indices': [74, 97], 'media_url': 'http://pbs.twimg.com/media/EntG0FuVEAM_9Ix.jpg', 'media_url_https': 'https://pbs.twimg.com/media/EntG0FuVEAM_9Ix.jpg', 'url': 'https://t.co/8MWfWJnNU4', 'display_url': 'pic.twitter.com/8MWfWJnNU4', 'expanded_url': 'https://twitter.com/FreeformTV/status/1331736268963647488/photo/1', 'type': 'photo', 'sizes': {'small': {'w': 680, 'h': 302, 'resize': 'fit'}, 'thumb': {'w': 150, 'h': 150, 'resize': 'crop'}, 'large': {'w': 2048, 'h': 909, 'resize': 'fit'}, 'medium': {'w': 1200, 'h': 532, 'resize': 'fit'}}}]}, extended_entities={'media': [{'id': 1331735975521751043, 'id_str': '1331735975521751043', 'indices': [74, 97], 'media_url': 'http://pbs.twimg.com/media/EntG0FuVEAM_9Ix.jpg', 'media_url_https': 'https://pbs.twimg.com/media/EntG0FuVEAM_9Ix.jpg', 'url': 'https://t.co/8MWfWJnNU4', 'display_url': 'pic.twitter.com/8MWfWJnNU4', 'expanded_url': 'https://twitter.com/FreeformTV/status/1331736268963647488/photo/1', 'type': 'photo', 'sizes': {'small': {'w': 680, 'h': 302, 'resize': 'fit'}, 'thumb': {'w': 150, 'h': 150, 'resize': 'crop'}, 'large': {'w': 2048, 'h': 909, 'resize': 'fit'}, 'medium': {'w': 1200, 'h': 532, 'resize': 'fit'}}}]}, metadata={'result_type': 'popular', 'iso_language_code': 'en'}, source='Twitter Web App', source_url='https://mobile.twitter.com', in_reply_to_status_id=None, in_reply_to_status_id_str=None, in_reply_to_user_id=None, in_reply_to_user_id_str=None, in_reply_to_screen_name=None, author=User(_api=<tweepy.api.API object at 0x0000016B50B40518>, _json={'id': 40105401, 'id_str': '40105401', 'name': 'Freeform', 'screen_name': 'FreeformTV', 'location': '', 'description': 'a little forward.                                             \nneed help? got you at @freeformsupport.', 'url': 'https://t.co/MXzvdNkBck', 'entities': {'url': {'urls': [{'url': 'https://t.co/MXzvdNkBck', 'expanded_url': 'http://freeform.com', 'display_url': 'freeform.com', 'indices': [0, 23]}]}, 'description': {'urls': []}}, 'protected': False, 'followers_count': 673873, 'friends_count': 905, 'listed_count': 2251, 'created_at': 'Thu May 14 22:36:53 +0000 2009', 'favourites_count': 16642, 'utc_offset': None, 'time_zone': None, 'geo_enabled': True, 'verified': True, 'statuses_count': 96247, 'lang': None, 'contributors_enabled': False, 'is_translator': False, 'is_translation_enabled': False, 'profile_background_color': '141135', 'profile_background_image_url': 'http://abs.twimg.com/images/themes/theme1/bg.png', 'profile_background_image_url_https': 'https://abs.twimg.com/images/themes/theme1/bg.png', 'profile_background_tile': False, 'profile_image_url': 'http://pbs.twimg.com/profile_images/1316952728891916288/-qwncTk9_normal.jpg', 'profile_image_url_https': 'https://pbs.twimg.com/profile_images/1316952728891916288/-qwncTk9_normal.jpg', 'profile_banner_url': 'https://pbs.twimg.com/profile_banners/40105401/1602820977', 'profile_link_color': '0084B4', 'profile_sidebar_border_color': 'FFFFFF', 'profile_sidebar_fill_color': 'DDEEF6', 'profile_text_color': '333333', 'profile_use_background_image': True, 'has_extended_profile': False, 'default_profile': False, 'default_profile_image': False, 'following': None, 'follow_request_sent': None, 'notifications': None, 'translator_type': 'regular'}, id=40105401, id_str='40105401', name='Freeform', screen_name='FreeformTV', location='', description='a little forward.                                             \nneed help? got you at @freeformsupport.', url='https://t.co/MXzvdNkBck', entities={'url': {'urls': [{'url': 'https://t.co/MXzvdNkBck', 'expanded_url': 'http://freeform.com', 'display_url': 'freeform.com', 'indices': [0, 23]}]}, 'description': {'urls': []}}, protected=False, followers_count=673873, friends_count=905, listed_count=2251, created_at=datetime.datetime(2009, 5, 14, 22, 36, 53), favourites_count=16642, utc_offset=None, time_zone=None, geo_enabled=True, verified=True, statuses_count=96247, lang=None, contributors_enabled=False, is_translator=False, is_translation_enabled=False, profile_background_color='141135', profile_background_image_url='http://abs.twimg.com/images/themes/theme1/bg.png', profile_background_image_url_https='https://abs.twimg.com/images/themes/theme1/bg.png', profile_background_tile=False, profile_image_url='http://pbs.twimg.com/profile_images/1316952728891916288/-qwncTk9_normal.jpg', profile_image_url_https='https://pbs.twimg.com/profile_images/1316952728891916288/-qwncTk9_normal.jpg', profile_banner_url='https://pbs.twimg.com/profile_banners/40105401/1602820977', profile_link_color='0084B4', profile_sidebar_border_color='FFFFFF', profile_sidebar_fill_color='DDEEF6', profile_text_color='333333', profile_use_background_image=True, has_extended_profile=False, default_profile=False, default_profile_image=False, following=False, follow_request_sent=None, notifications=None, translator_type='regular'), user=User(_api=<tweepy.api.API object at 0x0000016B50B40518>, _json={'id': 40105401, 'id_str': '40105401', 'name': 'Freeform', 'screen_name': 'FreeformTV', 'location': '', 'description': 'a little forward.                                             \nneed help? got you at @freeformsupport.', 'url': 'https://t.co/MXzvdNkBck', 'entities': {'url': {'urls': [{'url': 'https://t.co/MXzvdNkBck', 'expanded_url': 'http://freeform.com', 'display_url': 'freeform.com', 'indices': [0, 23]}]}, 'description': {'urls': []}}, 'protected': False, 'followers_count': 673873, 'friends_count': 905, 'listed_count': 2251, 'created_at': 'Thu May 14 22:36:53 +0000 2009', 'favourites_count': 16642, 'utc_offset': None, 'time_zone': None, 'geo_enabled': True, 'verified': True, 'statuses_count': 96247, 'lang': None, 'contributors_enabled': False, 'is_translator': False, 'is_translation_enabled': False, 'profile_background_color': '141135', 'profile_background_image_url': 'http://abs.twimg.com/images/themes/theme1/bg.png', 'profile_background_image_url_https': 'https://abs.twimg.com/images/themes/theme1/bg.png', 'profile_background_tile': False, 'profile_image_url': 'http://pbs.twimg.com/profile_images/1316952728891916288/-qwncTk9_normal.jpg', 'profile_image_url_https': 'https://pbs.twimg.com/profile_images/1316952728891916288/-qwncTk9_normal.jpg', 'profile_banner_url': 'https://pbs.twimg.com/profile_banners/40105401/1602820977', 'profile_link_color': '0084B4', 'profile_sidebar_border_color': 'FFFFFF', 'profile_sidebar_fill_color': 'DDEEF6', 'profile_text_color': '333333', 'profile_use_background_image': True, 'has_extended_profile': False, 'default_profile': False, 'default_profile_image': False, 'following': None, 'follow_request_sent': None, 'notifications': None, 'translator_type': 'regular'}, id=40105401, id_str='40105401', name='Freeform', screen_name='FreeformTV', location='', description='a little forward.                                             \nneed help? got you at @freeformsupport.', url='https://t.co/MXzvdNkBck', entities={'url': {'urls': [{'url': 'https://t.co/MXzvdNkBck', 'expanded_url': 'http://freeform.com', 'display_url': 'freeform.com', 'indices': [0, 23]}]}, 'description': {'urls': []}}, protected=False, followers_count=673873, friends_count=905, listed_count=2251, created_at=datetime.datetime(2009, 5, 14, 22, 36, 53), favourites_count=16642, utc_offset=None, time_zone=None, geo_enabled=True, verified=True, statuses_count=96247, lang=None, contributors_enabled=False, is_translator=False, is_translation_enabled=False, profile_background_color='141135', profile_background_image_url='http://abs.twimg.com/images/themes/theme1/bg.png', profile_background_image_url_https='https://abs.twimg.com/images/themes/theme1/bg.png', profile_background_tile=False, profile_image_url='http://pbs.twimg.com/profile_images/1316952728891916288/-qwncTk9_normal.jpg', profile_image_url_https='https://pbs.twimg.com/profile_images/1316952728891916288/-qwncTk9_normal.jpg', profile_banner_url='https://pbs.twimg.com/profile_banners/40105401/1602820977', profile_link_color='0084B4', profile_sidebar_border_color='FFFFFF', profile_sidebar_fill_color='DDEEF6', profile_text_color='333333', profile_use_background_image=True, has_extended_profile=False, default_profile=False, default_profile_image=False, following=False, follow_request_sent=None, notifications=None, translator_type='regular'), geo=None, coordinates=None, place=None, contributors=None, is_quote_status=False, retweet_count=11, favorite_count=64, favorited=False, retweeted=False, possibly_sensitive=False, lang='en')",138,
